id,pokemon,type 1,type 2,height (m),weight (kg),description,abilities,img url
1,Bulbasaur,grass,poison,0.7,6.9,There is a plant seed on its back right from the day this Pokémon is born. The seed slowly grows larger.,Overgrow,https://img.pokemondb.net/sprites/home/normal/2x/bulbasaur.jpg
2,Ivysaur,grass,poison,1.0,13.0,"When the bulb on its back grows large, it appears to lose the ability to stand on its hind legs.",Overgrow,https://img.pokemondb.net/sprites/home/normal/2x/ivysaur.jpg
3,Venusaur,grass,poison,2.0,100.0,Its plant blooms when it is absorbing solar energy. It stays on the move to seek sunlight.,Overgrow,https://img.pokemondb.net/sprites/home/normal/2x/venusaur.jpg
4,Charmander,fire,,0.6,8.5,"It has a preference for hot things. When it rains, steam is said to spout from the tip of its tail.",Blaze,https://img.pokemondb.net/sprites/home/normal/2x/charmander.jpg
5,Charmeleon,fire,,1.1,19.0,"It has a barbaric nature. In battle, it whips its fiery tail around and slashes away with sharp claws.",Blaze,https://img.pokemondb.net/sprites/home/normal/2x/charmeleon.jpg
6,Charizard,fire,flying,1.7,90.5,It spits fire that is hot enough to melt boulders. It may cause forest fires by blowing flames.,Blaze,https://img.pokemondb.net/sprites/home/normal/2x/charizard.jpg
7,Squirtle,water,,0.5,9.0,"When it retracts its long neck into its shell, it squirts out water with vigorous force.",Torrent,https://img.pokemondb.net/sprites/home/normal/2x/squirtle.jpg
8,Wartortle,water,,1.0,22.5,"It is recognized as a symbol of longevity. If its shell has algae on it, that Wartortle is very old.",Torrent,https://img.pokemondb.net/sprites/home/normal/2x/wartortle.jpg
9,Blastoise,water,,1.6,85.5,"It crushes its foe under its heavy body to cause fainting. In a pinch, it will withdraw inside its shell.",Torrent,https://img.pokemondb.net/sprites/home/normal/2x/blastoise.jpg
10,Caterpie,bug,,0.3,2.9,"For protection, it releases a horrible stench from the antenna on its head to drive away enemies.",Shield Dust,https://img.pokemondb.net/sprites/home/normal/2x/caterpie.jpg
11,Metapod,bug,,0.7,9.9,"It is waiting for the moment to evolve. At this stage, it can only harden, so it remains motionless to avoid attack.",Shed Skin,https://img.pokemondb.net/sprites/home/normal/2x/metapod.jpg
12,Butterfree,bug,flying,1.1,32.0,"In battle, it flaps its wings at great speed to release highly toxic dust into the air.",Compound Eyes,https://img.pokemondb.net/sprites/home/normal/2x/butterfree.jpg
13,Weedle,bug,poison,0.3,3.2,Beware of the sharp stinger on its head. It hides in grass and bushes where it eats leaves.,Shield Dust,https://img.pokemondb.net/sprites/home/normal/2x/weedle.jpg
14,Kakuna,bug,poison,0.6,10.0,"Able to move only slightly. When endangered, it may stick out its stinger and poison its enemy.",Shed Skin,https://img.pokemondb.net/sprites/home/normal/2x/kakuna.jpg
15,Beedrill,bug,poison,1.0,29.5,It has three poisonous stingers on its forelegs and its tail. They are used to jab its enemy repeatedly.,Swarm,https://img.pokemondb.net/sprites/home/normal/2x/beedrill.jpg
16,Pidgey,normal,flying,0.3,1.8,"Very docile. If attacked, it will often kick up sand to protect itself rather than fight back.",Keen Eye,https://img.pokemondb.net/sprites/home/normal/2x/pidgey.jpg
17,Pidgeotto,normal,flying,1.1,30.0,This Pokémon is full of vitality. It constantly flies around its large territory in search of prey.,Keen Eye,https://img.pokemondb.net/sprites/home/normal/2x/pidgeotto.jpg
18,Pidgeot,normal,flying,1.5,39.5,"This Pokémon flies at Mach 2 speed, seeking prey. Its large talons are feared as wicked weapons.",Keen Eye,https://img.pokemondb.net/sprites/home/normal/2x/pidgeot.jpg
19,Rattata,normal,,0.3,3.5,"Will chew on anything with its fangs. If you see one, you can be certain that 40 more live in the area.",Run Away,https://img.pokemondb.net/sprites/home/normal/2x/rattata.jpg
20,Raticate,normal,,0.7,18.5,"Its hind feet are webbed. They act as flippers, so it can swim in rivers and hunt for prey.",Run Away,https://img.pokemondb.net/sprites/home/normal/2x/raticate.jpg
21,Spearow,normal,flying,0.3,2.0,"Inept at flying high. However, it can fly around very fast to protect its territory.",Keen Eye,https://img.pokemondb.net/sprites/home/normal/2x/spearow.jpg
22,Fearow,normal,flying,1.2,38.0,"A Pokémon that dates back many years. If it senses danger, it flies high and away, instantly.",Keen Eye,https://img.pokemondb.net/sprites/home/normal/2x/fearow.jpg
23,Ekans,poison,,2.0,6.9,"The older it gets, the longer it grows. At night, it wraps its long body around tree branches to rest.",Shed Skin,https://img.pokemondb.net/sprites/home/normal/2x/ekans.jpg
24,Arbok,poison,,3.5,65.0,The frightening patterns on its belly have been studied. Six variations have been confirmed.,Shed Skin,https://img.pokemondb.net/sprites/home/normal/2x/arbok.jpg
25,Pikachu,electric,,0.4,6.0,Pikachu that can generate powerful electricity have cheek sacs that are extra soft and super stretchy.,Static,https://img.pokemondb.net/sprites/home/normal/2x/pikachu.jpg
26,Raichu,electric,,0.8,30.0,Its long tail serves as a ground to protect itself from its own high-voltage power.,Static,https://img.pokemondb.net/sprites/home/normal/2x/raichu.jpg
27,Sandshrew,ground,,0.6,12.0,"It loves to bathe in the grit of dry, sandy areas. By sand bathing, the Pokémon rids itself of dirt and moisture clinging to its body.",Sand Veil,https://img.pokemondb.net/sprites/home/normal/2x/sandshrew.jpg
28,Sandslash,ground,,1.0,29.5,"The drier the area Sandslash lives in, the harder and smoother the Pokémon’s spikes will feel when touched.",Sand Veil,https://img.pokemondb.net/sprites/home/normal/2x/sandslash.jpg
29,Nidoran♀,poison,,,,,,https://img.pokemondb.net/sprites/home/normal/2x/nidoran-f.jpg
30,Nidorina,poison,,0.8,20.0,The horn on its head has atrophied. It’s thought that this happens so Nidorina’s children won’t get poked while their mother is feeding them.,Poison Point,https://img.pokemondb.net/sprites/home/normal/2x/nidorina.jpg
31,Nidoqueen,poison,ground,1.3,60.0,"Nidoqueen is better at defense than offense. With scales like armor, this Pokémon will shield its children from any kind of attack.",Poison Point,https://img.pokemondb.net/sprites/home/normal/2x/nidoqueen.jpg
32,Nidoran♂,poison,,,,,,https://img.pokemondb.net/sprites/home/normal/2x/nidoran-m.jpg
33,Nidorino,poison,,0.9,19.5,"With a horn that’s harder than diamond, this Pokémon goes around shattering boulders as it searches for a moon stone.",Poison Point,https://img.pokemondb.net/sprites/home/normal/2x/nidorino.jpg
34,Nidoking,poison,ground,1.4,62.0,"When it goes on a rampage, it’s impossible to control. But in the presence of a Nidoqueen it’s lived with for a long time, Nidoking calms down.",Poison Point,https://img.pokemondb.net/sprites/home/normal/2x/nidoking.jpg
35,Clefairy,fairy,,0.6,7.5,It is said that happiness will come to those who see a gathering of Clefairy dancing under a full moon.,Cute Charm,https://img.pokemondb.net/sprites/home/normal/2x/clefairy.jpg
36,Clefable,fairy,,1.3,40.0,"A timid fairy Pokémon that is rarely seen, it will run and hide the moment it senses people.",Cute Charm,https://img.pokemondb.net/sprites/home/normal/2x/clefable.jpg
37,Vulpix,fire,,0.6,9.9,"While young, it has six gorgeous tails. When it grows, several new tails are sprouted.",Flash Fire,https://img.pokemondb.net/sprites/home/normal/2x/vulpix.jpg
38,Ninetales,fire,,1.1,19.9,"It is said to live 1,000 years, and each of its tails is loaded with supernatural powers.",Flash Fire,https://img.pokemondb.net/sprites/home/normal/2x/ninetales.jpg
39,Jigglypuff,normal,fairy,0.5,5.5,"Jigglypuff has top-notch lung capacity, even by comparison to other Pokémon. It won’t stop singing its lullabies until its foes fall asleep.",Cute Charm,https://img.pokemondb.net/sprites/home/normal/2x/jigglypuff.jpg
40,Wigglytuff,normal,fairy,1.0,12.0,"The more air it takes in, the more it inflates. If opponents catch it in a bad mood, it will inflate itself to an enormous size to intimidate them.",Cute Charm,https://img.pokemondb.net/sprites/home/normal/2x/wigglytuff.jpg
41,Zubat,poison,flying,0.8,7.5,"It emits ultrasonic waves from its mouth to check its surroundings. Even in tight caves, Zubat flies around with skill.",Inner Focus,https://img.pokemondb.net/sprites/home/normal/2x/zubat.jpg
42,Golbat,poison,flying,1.6,55.0,"It loves to drink other creatures’ blood. It’s said that if it finds others of its kind going hungry, it sometimes shares the blood it’s gathered.",Inner Focus,https://img.pokemondb.net/sprites/home/normal/2x/golbat.jpg
43,Oddish,grass,poison,0.5,5.4,"If exposed to moonlight, it starts to move. It roams far and wide at night to scatter its seeds.",Chlorophyll,https://img.pokemondb.net/sprites/home/normal/2x/oddish.jpg
44,Gloom,grass,poison,0.8,8.6,Its pistils exude an incredibly foul odor. The horrid stench can cause fainting at a distance of 1.25 miles.,Chlorophyll,https://img.pokemondb.net/sprites/home/normal/2x/gloom.jpg
45,Vileplume,grass,poison,1.2,18.6,"It has the world’s largest petals. With every step, the petals shake out heavy clouds of toxic pollen.",Chlorophyll,https://img.pokemondb.net/sprites/home/normal/2x/vileplume.jpg
46,Paras,bug,grass,0.3,5.4,Burrows under the ground to gnaw on tree roots. The mushrooms on its back absorb most of the nutrition.,Effect Spore,https://img.pokemondb.net/sprites/home/normal/2x/paras.jpg
47,Parasect,bug,grass,1.0,29.5,The bug host is drained of energy by the mushroom on its back. The mushroom appears to do all the thinking.,Effect Spore,https://img.pokemondb.net/sprites/home/normal/2x/parasect.jpg
48,Venonat,bug,poison,1.0,30.0,"Its large eyes act as radar. In a bright place, you can see that they are clusters of many tiny eyes.",Compound Eyes,https://img.pokemondb.net/sprites/home/normal/2x/venonat.jpg
49,Venomoth,bug,poison,1.5,12.5,The powdery scales on its wings are hard to remove from skin. They also contain poison that leaks out on contact.,Shield Dust,https://img.pokemondb.net/sprites/home/normal/2x/venomoth.jpg
50,Diglett,ground,,0.2,0.8,"If a Diglett digs through a field, it leaves the soil perfectly tilled and ideal for planting crops.",Sand Veil,https://img.pokemondb.net/sprites/home/normal/2x/diglett.jpg
51,Dugtrio,ground,,0.7,33.3,A team of Diglett triplets. It triggers huge earthquakes by burrowing 60 miles underground.,Sand Veil,https://img.pokemondb.net/sprites/home/normal/2x/dugtrio.jpg
52,Meowth,normal,,0.4,4.2,"It loves to collect shiny things. If it’s in a good mood, it might even let its Trainer have a look at its hoard of treasures.",Pickup,https://img.pokemondb.net/sprites/home/normal/2x/meowth.jpg
53,Persian,normal,,1.0,32.0,"Getting this prideful Pokémon to warm up to you takes a lot of effort, and it will claw at you the moment it gets annoyed.",Technician,https://img.pokemondb.net/sprites/home/normal/2x/persian.jpg
54,Psyduck,water,,0.8,19.6,"Psyduck is constantly beset by headaches. If the Pokémon lets its strange power erupt, apparently the pain subsides for a while.",Damp,https://img.pokemondb.net/sprites/home/normal/2x/psyduck.jpg
55,Golduck,water,,1.7,76.6,"This Pokémon lives in gently flowing rivers. It paddles through the water with its long limbs, putting its graceful swimming skills on display.",Damp,https://img.pokemondb.net/sprites/home/normal/2x/golduck.jpg
56,Mankey,fighting,,0.5,28.0,An agile Pokémon that lives in trees. It angers easily and will not hesitate to attack anything.,Vital Spirit,https://img.pokemondb.net/sprites/home/normal/2x/mankey.jpg
57,Primeape,fighting,,1.0,32.0,It stops being angry only when nobody else is around. To view this moment is very difficult.,Vital Spirit,https://img.pokemondb.net/sprites/home/normal/2x/primeape.jpg
58,Growlithe,fire,,0.7,19.0,It has a brave and trustworthy nature. It fearlessly stands up to bigger and stronger foes.,Intimidate,https://img.pokemondb.net/sprites/home/normal/2x/growlithe.jpg
59,Arcanine,fire,,1.9,155.0,"The sight of it running over 6,200 miles in a single day and night has captivated many people.",Intimidate,https://img.pokemondb.net/sprites/home/normal/2x/arcanine.jpg
60,Poliwag,water,,0.6,12.4,"For Poliwag, swimming is easier than walking. The swirl pattern on its belly is actually part of the Pokémon’s innards showing through the skin.",Damp,https://img.pokemondb.net/sprites/home/normal/2x/poliwag.jpg
61,Poliwhirl,water,,1.0,20.0,Staring at the swirl on its belly causes drowsiness. This trait of Poliwhirl’s has been used in place of lullabies to get children to go to sleep.,Damp,https://img.pokemondb.net/sprites/home/normal/2x/poliwhirl.jpg
62,Poliwrath,water,fighting,1.3,54.0,"Its body is solid muscle. When swimming through cold seas, Poliwrath uses its impressive arms to smash through drift ice and plow forward.",Damp,https://img.pokemondb.net/sprites/home/normal/2x/poliwrath.jpg
63,Abra,psychic,,0.9,19.5,This Pokémon uses its psychic powers while it sleeps. The contents of Abra’s dreams affect the powers that the Pokémon wields.,Inner Focus,https://img.pokemondb.net/sprites/home/normal/2x/abra.jpg
64,Kadabra,psychic,,1.3,56.5,"Using its psychic power, Kadabra levitates as it sleeps. It uses its springy tail as a pillow.",Inner Focus,https://img.pokemondb.net/sprites/home/normal/2x/kadabra.jpg
65,Alakazam,psychic,,1.5,48.0,"It has an incredibly high level of intelligence. Some say that Alakazam remembers everything that ever happens to it, from birth till death.",Inner Focus,https://img.pokemondb.net/sprites/home/normal/2x/alakazam.jpg
66,Machop,fighting,,0.8,19.5,"Its whole body is composed of muscles. Even though it’s the size of a human child, it can hurl 100 grown-ups.",Guts,https://img.pokemondb.net/sprites/home/normal/2x/machop.jpg
67,Machoke,fighting,,1.5,70.5,"Its muscular body is so powerful, it must wear a power-save belt to be able to regulate its motions.",Guts,https://img.pokemondb.net/sprites/home/normal/2x/machoke.jpg
68,Machamp,fighting,,1.6,130.0,It quickly swings its four arms to rock its opponents with ceaseless punches and chops from all angles.,Guts,https://img.pokemondb.net/sprites/home/normal/2x/machamp.jpg
69,Bellsprout,grass,poison,0.7,4.0,Prefers hot and humid places. It ensnares tiny bugs with its vines and devours them.,Chlorophyll,https://img.pokemondb.net/sprites/home/normal/2x/bellsprout.jpg
70,Weepinbell,grass,poison,1.0,6.4,"When hungry, it swallows anything that moves. Its hapless prey is dissolved by strong acids.",Chlorophyll,https://img.pokemondb.net/sprites/home/normal/2x/weepinbell.jpg
71,Victreebel,grass,poison,1.7,15.5,"Lures prey with the sweet aroma of honey. Swallowed whole, the prey is dissolved in a day, bones and all.",Chlorophyll,https://img.pokemondb.net/sprites/home/normal/2x/victreebel.jpg
72,Tentacool,water,poison,0.9,45.5,Tentacool is not a particularly strong swimmer. It drifts across the surface of shallow seas as it searches for prey.,Clear Body,https://img.pokemondb.net/sprites/home/normal/2x/tentacool.jpg
73,Tentacruel,water,poison,1.6,55.0,"When the red orbs on Tentacruel’s head glow brightly, watch out. The Pokémon is about to fire off a burst of ultrasonic waves.",Clear Body,https://img.pokemondb.net/sprites/home/normal/2x/tentacruel.jpg
74,Geodude,rock,ground,0.4,20.0,"Commonly found near mountain trails and the like. If you step on one by accident, it gets angry.",Rock Head,https://img.pokemondb.net/sprites/home/normal/2x/geodude.jpg
75,Graveler,rock,ground,1.0,105.0,"Often seen rolling down mountain trails. Obstacles are just things to roll straight over, not avoid.",Rock Head,https://img.pokemondb.net/sprites/home/normal/2x/graveler.jpg
76,Golem,rock,ground,1.4,300.0,"Once it sheds its skin, its body turns tender and whitish. Its hide hardens when it’s exposed to air.",Rock Head,https://img.pokemondb.net/sprites/home/normal/2x/golem.jpg
77,Ponyta,fire,,1.0,30.0,"It can’t run properly when it’s newly born. As it races around with others of its kind, its legs grow stronger.",Run Away,https://img.pokemondb.net/sprites/home/normal/2x/ponyta.jpg
78,Rapidash,fire,,1.7,95.0,"This Pokémon can be seen galloping through fields at speeds of up to 150 mph, its fiery mane fluttering in the wind.",Run Away,https://img.pokemondb.net/sprites/home/normal/2x/rapidash.jpg
79,Slowpoke,water,psychic,1.2,36.0,"Slow-witted and oblivious, this Pokémon won’t feel any pain if its tail gets eaten. It won’t notice when its tail grows back, either.",Oblivious,https://img.pokemondb.net/sprites/home/normal/2x/slowpoke.jpg
80,Slowbro,water,psychic,1.6,78.5,Slowpoke became Slowbro when a Shellder bit on to its tail. Sweet flavors seeping from the tail make the Shellder feel as if its life is a dream.,Oblivious,https://img.pokemondb.net/sprites/home/normal/2x/slowbro.jpg
81,Magnemite,electric,steel,0.3,6.0,"At times, Magnemite runs out of electricity and ends up on the ground. If you give batteries to a grounded Magnemite, it’ll start moving again.",Sturdy,https://img.pokemondb.net/sprites/home/normal/2x/magnemite.jpg
82,Magneton,electric,steel,1.0,60.0,This Pokémon is three Magnemite that have linked together. Magneton sends out powerful radio waves to study its surroundings.,Sturdy,https://img.pokemondb.net/sprites/home/normal/2x/magneton.jpg
83,Farfetch'd,normal,flying,,,,,https://img.pokemondb.net/sprites/home/normal/2x/farfetchd.jpg
84,Doduo,normal,flying,1.4,39.2,"Its short wings make flying difficult. Instead, this Pokémon runs at high speed on developed legs.",Run Away,https://img.pokemondb.net/sprites/home/normal/2x/doduo.jpg
85,Dodrio,normal,flying,1.8,85.2,One of Doduo’s two heads splits to form a unique species. It runs close to 40 mph in prairies.,Run Away,https://img.pokemondb.net/sprites/home/normal/2x/dodrio.jpg
86,Seel,water,,1.1,90.0,Loves freezing-cold conditions. Relishes swimming in a frigid climate of around 14 degrees Fahrenheit.,Thick Fat,https://img.pokemondb.net/sprites/home/normal/2x/seel.jpg
87,Dewgong,water,ice,1.7,120.0,"Its entire body is a snowy white. Unharmed by even intense cold, it swims powerfully in icy waters.",Thick Fat,https://img.pokemondb.net/sprites/home/normal/2x/dewgong.jpg
88,Grimer,poison,,0.9,30.0,Made of congealed sludge. It smells too putrid to touch. Even weeds won’t grow in its path.,Stench,https://img.pokemondb.net/sprites/home/normal/2x/grimer.jpg
89,Muk,poison,,1.2,30.0,"Smells so awful, it can cause fainting. Through degeneration of its nose, it lost its sense of smell.",Stench,https://img.pokemondb.net/sprites/home/normal/2x/muk.jpg
90,Shellder,water,,0.3,4.0,It swims facing backward by opening and closing its two-piece shell. It is surprisingly fast.,Shell Armor,https://img.pokemondb.net/sprites/home/normal/2x/shellder.jpg
91,Cloyster,water,ice,1.5,132.5,"Its shell is extremely hard. It cannot be shattered, even with a bomb. The shell opens only when it is attacking.",Shell Armor,https://img.pokemondb.net/sprites/home/normal/2x/cloyster.jpg
92,Gastly,ghost,poison,1.3,0.1,"Born from gases, anyone would faint if engulfed by its gaseous body, which contains poison.",Levitate,https://img.pokemondb.net/sprites/home/normal/2x/gastly.jpg
93,Haunter,ghost,poison,1.6,0.1,"Its tongue is made of gas. If licked, its victim starts shaking constantly until death eventually comes.",Levitate,https://img.pokemondb.net/sprites/home/normal/2x/haunter.jpg
94,Gengar,ghost,poison,1.5,40.5,"On the night of a full moon, if shadows move on their own and laugh, it must be Gengar’s doing.",Cursed Body,https://img.pokemondb.net/sprites/home/normal/2x/gengar.jpg
95,Onix,rock,ground,8.8,210.0,"As it digs through the ground, it absorbs many hard objects. This is what makes its body so solid.",Rock Head,https://img.pokemondb.net/sprites/home/normal/2x/onix.jpg
96,Drowzee,psychic,,1.0,32.4,"If you sleep by it all the time, it will sometimes show you dreams it had eaten in the past.",Insomnia,https://img.pokemondb.net/sprites/home/normal/2x/drowzee.jpg
97,Hypno,psychic,,1.6,75.6,Avoid eye contact if you come across one. It will try to put you to sleep by using its pendulum.,Insomnia,https://img.pokemondb.net/sprites/home/normal/2x/hypno.jpg
98,Krabby,water,,0.4,6.5,It can be found near the sea. The large pincers grow back if they are torn out of their sockets.,Shell Armor,https://img.pokemondb.net/sprites/home/normal/2x/krabby.jpg
99,Kingler,water,,1.3,60.0,"Its large and hard pincer has 10,000-horsepower strength. However, being so big, it is unwieldy to move.",Shell Armor,https://img.pokemondb.net/sprites/home/normal/2x/kingler.jpg
100,Voltorb,electric,,0.5,10.4,It is said to camouflage itself as a Poké Ball. It will self-destruct with very little stimulus.,Static,https://img.pokemondb.net/sprites/home/normal/2x/voltorb.jpg
101,Electrode,electric,,1.2,66.6,Stores electrical energy inside its body. Even the slightest shock could trigger a huge explosion.,Static,https://img.pokemondb.net/sprites/home/normal/2x/electrode.jpg
102,Exeggcute,grass,psychic,0.4,2.5,"Though it may look like it’s just a bunch of eggs, it’s a proper Pokémon. Exeggcute communicates with others of its kind via telepathy, apparently.",Chlorophyll,https://img.pokemondb.net/sprites/home/normal/2x/exeggcute.jpg
103,Exeggutor,grass,psychic,2.0,120.0,Each of Exeggutor’s three heads is thinking different thoughts. The three don’t seem to be very interested in one another.,Chlorophyll,https://img.pokemondb.net/sprites/home/normal/2x/exeggutor.jpg
104,Cubone,ground,,0.4,6.5,"When the memory of its departed mother brings it to tears, its cries echo mournfully within the skull it wears on its head.",Rock Head,https://img.pokemondb.net/sprites/home/normal/2x/cubone.jpg
105,Marowak,ground,,1.0,45.0,"This Pokémon overcame its sorrow to evolve a sturdy new body. Marowak faces its opponents bravely, using a bone as a weapon.",Rock Head,https://img.pokemondb.net/sprites/home/normal/2x/marowak.jpg
106,Hitmonlee,fighting,,1.5,49.8,This amazing Pokémon has an awesome sense of balance. It can kick in succession from any position.,Limber,https://img.pokemondb.net/sprites/home/normal/2x/hitmonlee.jpg
107,Hitmonchan,fighting,,1.4,50.2,"Its punches slice the air. They are launched at such high speed, even a slight graze could cause a burn.",Keen Eye,https://img.pokemondb.net/sprites/home/normal/2x/hitmonchan.jpg
108,Lickitung,normal,,1.2,65.5,"If this Pokémon’s sticky saliva gets on you and you don’t clean it off, an intense itch will set in. The itch won’t go away, either.",Oblivious,https://img.pokemondb.net/sprites/home/normal/2x/lickitung.jpg
109,Koffing,poison,,0.6,1.0,"Its body is full of poisonous gas. It floats into garbage dumps, seeking out the fumes of raw, rotting trash.",Levitate,https://img.pokemondb.net/sprites/home/normal/2x/koffing.jpg
110,Weezing,poison,,1.2,9.5,It mixes gases between its two bodies. It’s said that these Pokémon were seen all over the Galar region back in the day.,Levitate,https://img.pokemondb.net/sprites/home/normal/2x/weezing.jpg
111,Rhyhorn,ground,rock,1.0,115.0,"Strong, but not too bright, this Pokémon can shatter even a skyscraper with its charging tackles.",Rock Head,https://img.pokemondb.net/sprites/home/normal/2x/rhyhorn.jpg
112,Rhydon,ground,rock,1.9,120.0,It begins walking on its hind legs after evolution. It can punch holes through boulders with its horn.,Rock Head,https://img.pokemondb.net/sprites/home/normal/2x/rhydon.jpg
113,Chansey,normal,,1.1,34.6,The egg Chansey carries is not only delicious but also packed with nutrition. It’s used as a high-class cooking ingredient.,Natural Cure,https://img.pokemondb.net/sprites/home/normal/2x/chansey.jpg
114,Tangela,grass,,1.0,35.0,"Hidden beneath a tangle of vines that grows nonstop even if the vines are torn off, this Pokémon’s true appearance remains a mystery.",Chlorophyll,https://img.pokemondb.net/sprites/home/normal/2x/tangela.jpg
115,Kangaskhan,normal,,2.2,80.0,"Although it’s carrying its baby in a pouch on its belly, Kangaskhan is swift on its feet. It intimidates its opponents with quick jabs.",Early Bird,https://img.pokemondb.net/sprites/home/normal/2x/kangaskhan.jpg
116,Horsea,water,,0.4,8.0,"Horsea makes its home in oceans with gentle currents. If this Pokémon is under attack, it spits out pitch-black ink and escapes.",Swift Swim,https://img.pokemondb.net/sprites/home/normal/2x/horsea.jpg
117,Seadra,water,,1.2,25.0,"It’s the males that raise the offspring. While Seadra are raising young, the spines on their backs secrete thicker and stronger poison.",Poison Point,https://img.pokemondb.net/sprites/home/normal/2x/seadra.jpg
118,Goldeen,water,,0.6,15.0,"Its dorsal, pectoral, and tail fins wave elegantly in water. That is why it is known as the Water Dancer.",Swift Swim,https://img.pokemondb.net/sprites/home/normal/2x/goldeen.jpg
119,Seaking,water,,1.3,39.0,"In autumn, its body becomes more fatty in preparing to propose to a mate. It takes on beautiful colors.",Swift Swim,https://img.pokemondb.net/sprites/home/normal/2x/seaking.jpg
120,Staryu,water,,0.8,34.5,"If you visit a beach at the end of summer, you’ll be able to see groups of Staryu lighting up in a steady rhythm.",Natural Cure,https://img.pokemondb.net/sprites/home/normal/2x/staryu.jpg
121,Starmie,water,psychic,1.1,80.0,This Pokémon has an organ known as its core. The organ glows in seven colors when Starmie is unleashing its potent psychic powers.,Natural Cure,https://img.pokemondb.net/sprites/home/normal/2x/starmie.jpg
122,Mr. Mime,psychic,fairy,,,,,https://img.pokemondb.net/sprites/home/normal/2x/mr-mime.jpg
123,Scyther,bug,flying,1.5,56.0,"As Scyther fights more and more battles, its scythes become sharper and sharper. With a single slice, Scyther can fell a massive tree.",Swarm,https://img.pokemondb.net/sprites/home/normal/2x/scyther.jpg
124,Jynx,ice,psychic,1.4,40.6,"In certain parts of Galar, Jynx was once feared and worshiped as the Queen of Ice.",Oblivious,https://img.pokemondb.net/sprites/home/normal/2x/jynx.jpg
125,Electabuzz,electric,,1.1,30.0,Many power plants keep Ground-type Pokémon around as a defense against Electabuzz that come seeking electricity.,Static,https://img.pokemondb.net/sprites/home/normal/2x/electabuzz.jpg
126,Magmar,fire,,1.3,44.5,Magmar dispatches its prey with fire. But it regrets this habit once it realizes that it has burned its intended prey to a charred crisp.,Flame Body,https://img.pokemondb.net/sprites/home/normal/2x/magmar.jpg
127,Pinsir,bug,,1.5,55.0,"These Pokémon judge one another based on pincers. Thicker, more impressive pincers make for more popularity with the opposite gender.",Hyper Cutter,https://img.pokemondb.net/sprites/home/normal/2x/pinsir.jpg
128,Tauros,normal,,1.4,88.4,"When Tauros begins whipping itself with its tails, it’s a warning that the Pokémon is about to charge with astounding speed.",Intimidate,https://img.pokemondb.net/sprites/home/normal/2x/tauros.jpg
129,Magikarp,water,,0.9,10.0,It is virtually worthless in terms of both power and speed. It is the most weak and pathetic Pokémon in the world.,Swift Swim,https://img.pokemondb.net/sprites/home/normal/2x/magikarp.jpg
130,Gyarados,water,flying,6.5,235.0,It has an extremely aggressive nature. The Hyper Beam it shoots from its mouth totally incinerates all targets.,Intimidate,https://img.pokemondb.net/sprites/home/normal/2x/gyarados.jpg
131,Lapras,water,ice,2.5,220.0,"A smart and kindhearted Pokémon, it glides across the surface of the sea while its beautiful song echoes around it.",Water Absorb,https://img.pokemondb.net/sprites/home/normal/2x/lapras.jpg
132,Ditto,normal,,0.3,4.0,"It can reconstitute its entire cellular structure to change into what it sees, but it returns to normal when it relaxes.",Limber,https://img.pokemondb.net/sprites/home/normal/2x/ditto.jpg
133,Eevee,normal,,0.3,6.5,It has the ability to alter the composition of its body to suit its surrounding environment.,Run Away,https://img.pokemondb.net/sprites/home/normal/2x/eevee.jpg
134,Vaporeon,water,,1.0,29.0,"When Vaporeon’s fins begin to vibrate, it is a sign that rain will come within a few hours.",Water Absorb,https://img.pokemondb.net/sprites/home/normal/2x/vaporeon.jpg
135,Jolteon,electric,,0.8,24.5,"If it is angered or startled, the fur all over its body bristles like sharp needles that pierce foes.",Volt Absorb,https://img.pokemondb.net/sprites/home/normal/2x/jolteon.jpg
136,Flareon,fire,,0.9,25.0,"Once it has stored up enough heat, this Pokémon’s body temperature can reach up to 1,700 degrees Fahrenheit.",Flash Fire,https://img.pokemondb.net/sprites/home/normal/2x/flareon.jpg
137,Porygon,normal,,0.8,36.5,State-of-the-art technology was used to create Porygon. It was the first artificial Pokémon to be created via computer programming.,Trace,https://img.pokemondb.net/sprites/home/normal/2x/porygon.jpg
138,Omanyte,rock,water,0.4,7.5,"Because some Omanyte manage to escape after being restored or are released into the wild by people, this species is becoming a problem.",Shell Armor,https://img.pokemondb.net/sprites/home/normal/2x/omanyte.jpg
139,Omastar,rock,water,1.0,35.0,"Weighed down by a large and heavy shell, Omastar couldn’t move very fast. Some say it went extinct because it was unable to catch food.",Shell Armor,https://img.pokemondb.net/sprites/home/normal/2x/omastar.jpg
140,Kabuto,rock,water,0.5,11.5,"This species is almost entirely extinct. Kabuto molt every three days, making their shells harder and harder.",Swift Swim,https://img.pokemondb.net/sprites/home/normal/2x/kabuto.jpg
141,Kabutops,rock,water,1.3,40.5,Kabutops slices its prey apart and sucks out the fluids. The discarded body parts become food for other Pokémon.,Swift Swim,https://img.pokemondb.net/sprites/home/normal/2x/kabutops.jpg
142,Aerodactyl,rock,flying,1.8,59.0,This is a ferocious Pokémon from ancient times. Apparently even modern technology is incapable of producing a perfectly restored specimen.,Rock Head,https://img.pokemondb.net/sprites/home/normal/2x/aerodactyl.jpg
143,Snorlax,normal,,2.1,460.0,"It is not satisfied unless it eats over 880 pounds of food every day. When it is done eating, it goes promptly to sleep.",Thick Fat,https://img.pokemondb.net/sprites/home/normal/2x/snorlax.jpg
144,Articuno,ice,flying,1.7,55.4,"It’s said that this Pokémon’s beautiful blue wings are made of ice. Articuno flies over snowy mountains, its long tail fluttering along behind it.",Pressure,https://img.pokemondb.net/sprites/home/normal/2x/articuno.jpg
145,Zapdos,electric,flying,1.6,52.6,This Pokémon has complete control over electricity. There are tales of Zapdos nesting in the dark depths of pitch-black thunderclouds.,Pressure,https://img.pokemondb.net/sprites/home/normal/2x/zapdos.jpg
146,Moltres,fire,flying,2.0,60.0,"It’s one of the legendary bird Pokémon. When Moltres flaps its flaming wings, they glimmer with a dazzling red glow.",Pressure,https://img.pokemondb.net/sprites/home/normal/2x/moltres.jpg
147,Dratini,dragon,,1.8,3.3,"Dratini dwells near bodies of rapidly flowing water, such as the plunge pools of waterfalls. As it grows, Dratini will shed its skin many times.",Shed Skin,https://img.pokemondb.net/sprites/home/normal/2x/dratini.jpg
148,Dragonair,dragon,,4.0,16.5,"This Pokémon lives in pristine oceans and lakes. It can control the weather, and it uses this power to fly into the sky, riding on the wind.",Shed Skin,https://img.pokemondb.net/sprites/home/normal/2x/dragonair.jpg
149,Dragonite,dragon,flying,2.2,210.0,"It’s a kindhearted Pokémon. If it spots a drowning person or Pokémon, Dragonite simply must help them.",Inner Focus,https://img.pokemondb.net/sprites/home/normal/2x/dragonite.jpg
150,Mewtwo,psychic,,2.0,122.0,"Its DNA is almost the same as Mew’s. However, its size and disposition are vastly different.",Pressure,https://img.pokemondb.net/sprites/home/normal/2x/mewtwo.jpg
